[{"estado":"Texas","municipio":"Amarillo","servico":"Meemm","endereco":"55 Algoma Hill","telefone":"1-(806)738-7494"},
{"estado":"Indiana","municipio":"Fort Wayne","servico":"Chatterbridge","endereco":"90358 Knutson Point","telefone":"1-(260)478-2869"},
{"estado":"Oklahoma","municipio":"Tulsa","servico":"Teklist","endereco":"73583 Rigney Center","telefone":"1-(918)515-4045"},
{"estado":"Florida","municipio":"Orlando","servico":"Aimbo","endereco":"1 Vera Alley","telefone":"1-(407)681-7442"},
{"estado":"Iowa","municipio":"Davenport","servico":"Skajo","endereco":"4 Anhalt Avenue","telefone":"1-(563)798-1256"},
{"estado":"New York","municipio":"Brooklyn","servico":"Flashpoint","endereco":"8915 Montana Point","telefone":"1-(347)218-6814"},
{"estado":"Utah","municipio":"Salt Lake City","servico":"Edgeify","endereco":"917 Hermina Crossing","telefone":"1-(801)634-9955"},
{"estado":"North Carolina","municipio":"Charlotte","servico":"JumpXS","endereco":"891 Maple Road","telefone":"1-(704)252-3807"},
{"estado":"California","municipio":"Fullerton","servico":"Livetube","endereco":"448 Stang Pass","telefone":"1-(714)976-3310"},
{"estado":"Georgia","municipio":"Athens","servico":"Dynava","endereco":"582 Carberry Trail","telefone":"1-(706)825-3650"},
{"estado":"Florida","municipio":"Sarasota","servico":"Demimbu","endereco":"8188 Calypso Court","telefone":"1-(941)681-4797"},
{"estado":"California","municipio":"Santa Monica","servico":"Dynabox","endereco":"271 Bellgrove Park","telefone":"1-(310)849-6732"},
{"estado":"Virginia","municipio":"Arlington","servico":"Demizz","endereco":"5 7th Circle","telefone":"1-(703)610-2649"},
{"estado":"California","municipio":"San Rafael","servico":"Jatri","endereco":"47 Mifflin Park","telefone":"1-(415)307-9286"},
{"estado":"Utah","municipio":"Salt Lake City","servico":"Zoombox","endereco":"3 Heffernan Street","telefone":"1-(801)306-9590"},
{"estado":"Florida","municipio":"Pensacola","servico":"Youfeed","endereco":"15 Crownhardt Pass","telefone":"1-(850)266-9531"},
{"estado":"Kansas","municipio":"Shawnee Mission","servico":"Photobug","endereco":"8563 Dryden Point","telefone":"1-(913)323-6718"},
{"estado":"Kansas","municipio":"Shawnee Mission","servico":"Eayo","endereco":"7107 Sullivan Plaza","telefone":"1-(913)183-5557"},
{"estado":"Florida","municipio":"Zephyrhills","servico":"Tagchat","endereco":"4100 Twin Pines Way","telefone":"1-(813)200-7976"},
{"estado":"Texas","municipio":"Dallas","servico":"Kaymbo","endereco":"876 Sullivan Trail","telefone":"1-(214)449-4665"},
{"estado":"Michigan","municipio":"Kalamazoo","servico":"Babbleopia","endereco":"02 Valley Edge Trail","telefone":"1-(517)323-7101"},
{"estado":"New York","municipio":"Schenectady","servico":"Zoomzone","endereco":"119 Messerschmidt Court","telefone":"1-(518)260-1930"},
{"estado":"South Carolina","municipio":"Greenville","servico":"Leexo","endereco":"4 Dunning Park","telefone":"1-(864)761-0670"},
{"estado":"Illinois","municipio":"Naperville","servico":"Divape","endereco":"2504 Maryland Street","telefone":"1-(630)935-3439"},
{"estado":"Michigan","municipio":"Grand Rapids","servico":"Realcube","endereco":"3275 Autumn Leaf Place","telefone":"1-(616)548-2262"},
{"estado":"District of Columbia","municipio":"Washington","servico":"Youfeed","endereco":"0 Rowland Junction","telefone":"1-(202)453-9191"},
{"estado":"California","municipio":"Santa Ana","servico":"Shuffletag","endereco":"86389 Lotheville Road","telefone":"1-(619)912-7478"},
{"estado":"Kansas","municipio":"Kansas City","servico":"Rhybox","endereco":"06 Alpine Plaza","telefone":"1-(816)214-9931"},
{"estado":"South Carolina","municipio":"Columbia","servico":"Topdrive","endereco":"41 Kim Drive","telefone":"1-(803)929-6880"},
{"estado":"New Mexico","municipio":"Albuquerque","servico":"Jaxspan","endereco":"182 Derek Way","telefone":"1-(505)230-5011"},
{"estado":"Missouri","municipio":"Saint Louis","servico":"Twitterbeat","endereco":"71424 Kingsford Court","telefone":"1-(314)435-3477"},
{"estado":"Kansas","municipio":"Shawnee Mission","servico":"Thoughtbridge","endereco":"1162 Charing Cross Place","telefone":"1-(913)812-0979"},
{"estado":"Colorado","municipio":"Colorado Springs","servico":"Pixope","endereco":"61054 Larry Center","telefone":"1-(719)569-8224"},
{"estado":"District of Columbia","municipio":"Washington","servico":"Flashpoint","endereco":"11401 North Way","telefone":"1-(202)477-3133"},
{"estado":"Virginia","municipio":"Norfolk","servico":"Zoomdog","endereco":"861 Prairieview Trail","telefone":"1-(757)521-5607"},
{"estado":"Washington","municipio":"Seattle","servico":"Fivebridge","endereco":"3308 Corry Lane","telefone":"1-(206)824-7532"},
{"estado":"New York","municipio":"Buffalo","servico":"Jazzy","endereco":"01414 Lien Center","telefone":"1-(716)111-0612"},
{"estado":"Florida","municipio":"Sarasota","servico":"Realcube","endereco":"94559 Macpherson Drive","telefone":"1-(941)939-5849"},
{"estado":"Georgia","municipio":"Savannah","servico":"Voolith","endereco":"6980 Farmco Crossing","telefone":"1-(912)945-4699"},
{"estado":"Pennsylvania","municipio":"Pittsburgh","servico":"Feedfish","endereco":"91960 Merrick Way","telefone":"1-()854-7249"},
{"estado":"Michigan","municipio":"Flint","servico":"InnoZ","endereco":"3 Jenifer Court","telefone":"1-(810)722-8494"},
{"estado":"Texas","municipio":"Houston","servico":"Janyx","endereco":"62 Johnson Circle","telefone":"1-(281)451-5225"},
{"estado":"New York","municipio":"Bronx","servico":"Janyx","endereco":"4 Carberry Crossing","telefone":"1-(917)782-3007"},
{"estado":"California","municipio":"Santa Clara","servico":"Shuffletag","endereco":"5935 Bashford Circle","telefone":"1-(949)162-1886"},
{"estado":"Kentucky","municipio":"Lexington","servico":"Photobean","endereco":"8726 Di Loreto Place","telefone":"1-(859)290-4013"},
{"estado":"Missouri","municipio":"Kansas City","servico":"Jatri","endereco":"75 Donald Way","telefone":"1-(816)464-3998"},
{"estado":"Florida","municipio":"Fort Pierce","servico":"Gabtune","endereco":"01398 Blaine Avenue","telefone":"1-(772)839-2776"},
{"estado":"Missouri","municipio":"Springfield","servico":"Mydeo","endereco":"4 Morrow Trail","telefone":"1-(417)214-5841"},
{"estado":"Massachusetts","municipio":"Woburn","servico":"Avaveo","endereco":"70750 Barby Place","telefone":"1-(339)379-5011"},
{"estado":"Iowa","municipio":"Des Moines","servico":"Jatri","endereco":"9580 Valley Edge Crossing","telefone":"1-(515)264-8737"},
{"estado":"Texas","municipio":"Odessa","servico":"Ntag","endereco":"57881 4th Alley","telefone":"1-(432)316-8064"},
{"estado":"Florida","municipio":"Tampa","servico":"Gabspot","endereco":"4352 Manufacturers Park","telefone":"1-(813)492-5711"},
{"estado":"California","municipio":"San Jose","servico":"Vitz","endereco":"84197 Fairview Avenue","telefone":"1-(408)708-5131"},
{"estado":"Florida","municipio":"Jacksonville","servico":"Chatterpoint","endereco":"40983 Ridgeway Lane","telefone":"1-(904)366-7459"},
{"estado":"Texas","municipio":"Houston","servico":"Brainlounge","endereco":"5072 Basil Circle","telefone":"1-(281)532-9398"},
{"estado":"California","municipio":"Bakersfield","servico":"Shufflebeat","endereco":"31 Oxford Alley","telefone":"1-(661)616-6449"},
{"estado":"Washington","municipio":"Spokane","servico":"Eadel","endereco":"9 Bultman Drive","telefone":"1-(509)921-5293"},
{"estado":"Delaware","municipio":"Newark","servico":"Ooba","endereco":"658 Kedzie Crossing","telefone":"1-(302)172-8440"},
{"estado":"District of Columbia","municipio":"Washington","servico":"Skinix","endereco":"931 Columbus Parkway","telefone":"1-(202)655-3954"},
{"estado":"North Carolina","municipio":"Charlotte","servico":"Skinte","endereco":"640 Stang Point","telefone":"1-(704)486-8072"},
{"estado":"North Carolina","municipio":"Charlotte","servico":"Dabvine","endereco":"9018 Schiller Way","telefone":"1-(704)494-7592"},
{"estado":"Connecticut","municipio":"Hartford","servico":"Podcat","endereco":"482 Comanche Lane","telefone":"1-(860)144-8785"},
{"estado":"New Mexico","municipio":"Las Cruces","servico":"Skidoo","endereco":"379 Fisk Avenue","telefone":"1-(505)631-9978"},
{"estado":"North Carolina","municipio":"Charlotte","servico":"Vinder","endereco":"743 Kings Circle","telefone":"1-(704)717-9516"},
{"estado":"Florida","municipio":"Orlando","servico":"Trunyx","endereco":"16548 Melrose Center","telefone":"1-(407)352-8959"},
{"estado":"Connecticut","municipio":"Danbury","servico":"Jabberstorm","endereco":"484 Canary Terrace","telefone":"1-(203)110-5543"},
{"estado":"West Virginia","municipio":"Huntington","servico":"Brainsphere","endereco":"30 Kinsman Way","telefone":"1-(304)148-1007"},
{"estado":"Indiana","municipio":"Evansville","servico":"Zoozzy","endereco":"54 Carey Court","telefone":"1-(812)651-3572"},
{"estado":"Wisconsin","municipio":"Appleton","servico":"Topdrive","endereco":"66 Everett Parkway","telefone":"1-(920)801-0376"},
{"estado":"Alaska","municipio":"Anchorage","servico":"Aibox","endereco":"03 Tony Plaza","telefone":"1-(907)442-2131"},
{"estado":"Indiana","municipio":"Evansville","servico":"Zoomcast","endereco":"45146 Hallows Road","telefone":"1-(812)766-7946"},
{"estado":"Pennsylvania","municipio":"Valley Forge","servico":"Centizu","endereco":"5 Stuart Trail","telefone":"1-(484)277-5163"},
{"estado":"Ohio","municipio":"Canton","servico":"Agimba","endereco":"51888 Kropf Alley","telefone":"1-(330)903-8324"},
{"estado":"North Carolina","municipio":"Winston Salem","servico":"Demimbu","endereco":"3 Crownhardt Pass","telefone":"1-(704)829-4766"},
{"estado":"Florida","municipio":"Orlando","servico":"Voonyx","endereco":"16 Dixon Pass","telefone":"1-(407)217-1082"},
{"estado":"Ohio","municipio":"Toledo","servico":"Oyonder","endereco":"89027 Steensland Road","telefone":"1-(419)856-7064"},
{"estado":"Oklahoma","municipio":"Oklahoma City","servico":"Pixonyx","endereco":"57 Melody Lane","telefone":"1-(405)703-4672"},
{"estado":"Texas","municipio":"Dallas","servico":"Topiczoom","endereco":"887 Morning Alley","telefone":"1-(972)270-5031"},
{"estado":"Ohio","municipio":"Columbus","servico":"Trilia","endereco":"894 Chive Lane","telefone":"1-(614)186-5955"},
{"estado":"Nebraska","municipio":"Lincoln","servico":"LiveZ","endereco":"7068 Warbler Hill","telefone":"1-(402)944-6843"},
{"estado":"North Dakota","municipio":"Grand Forks","servico":"Dynava","endereco":"8 Utah Circle","telefone":"1-(701)396-8728"},
{"estado":"California","municipio":"Riverside","servico":"Tagchat","endereco":"87 Bunker Hill Center","telefone":"1-(909)210-9127"},
{"estado":"South Carolina","municipio":"Spartanburg","servico":"Vinte","endereco":"20 Sutteridge Drive","telefone":"1-(864)282-4195"},
{"estado":"Indiana","municipio":"South Bend","servico":"Gigabox","endereco":"504 Talisman Lane","telefone":"1-(574)390-7872"},
{"estado":"Texas","municipio":"Amarillo","servico":"Quimba","endereco":"3 Lerdahl Trail","telefone":"1-(806)371-3491"},
{"estado":"District of Columbia","municipio":"Washington","servico":"Twinder","endereco":"2795 Crowley Drive","telefone":"1-(202)802-9284"},
{"estado":"District of Columbia","municipio":"Washington","servico":"Gabcube","endereco":"044 Loomis Lane","telefone":"1-(202)155-8717"},
{"estado":"South Carolina","municipio":"Spartanburg","servico":"Dabjam","endereco":"9 Old Shore Lane","telefone":"1-(864)208-7213"},
{"estado":"Alabama","municipio":"Birmingham","servico":"Shuffletag","endereco":"9484 Harper Point","telefone":"1-(205)655-1176"},
{"estado":"New York","municipio":"Rochester","servico":"Oodoo","endereco":"321 Pond Hill","telefone":"1-(585)106-8343"},
{"estado":"Pennsylvania","municipio":"Wilkes Barre","servico":"Quire","endereco":"054 Hollow Ridge Lane","telefone":"1-(570)808-7741"},
{"estado":"Ohio","municipio":"Cleveland","servico":"Devpoint","endereco":"6 Sommers Lane","telefone":"1-(216)354-1606"},
{"estado":"Florida","municipio":"Lakeland","servico":"Twiyo","endereco":"4884 Packers Place","telefone":"1-(863)468-2184"},
{"estado":"Pennsylvania","municipio":"Pittsburgh","servico":"Meevee","endereco":"05386 Prairieview Trail","telefone":"1-(412)371-6576"},
{"estado":"New York","municipio":"Albany","servico":"Zazio","endereco":"48 Summit Place","telefone":"1-(518)190-8333"},
{"estado":"District of Columbia","municipio":"Washington","servico":"Meetz","endereco":"41 Rigney Junction","telefone":"1-(202)316-3456"},
{"estado":"Texas","municipio":"Houston","servico":"Fatz","endereco":"97 Colorado Lane","telefone":"1-(713)253-4735"},
{"estado":"Illinois","municipio":"Chicago","servico":"Voomm","endereco":"5 Moulton Avenue","telefone":"1-(312)718-8216"},
{"estado":"New York","municipio":"Rochester","servico":"Twinder","endereco":"125 Hovde Drive","telefone":"1-(585)366-5218"},
{"estado":"Colorado","municipio":"Denver","servico":"Trudoo","endereco":"6817 Trailsway Crossing","telefone":"1-(720)586-7320"},
{"estado":"Pennsylvania","municipio":"Harrisburg","servico":"Dabvine","endereco":"7563 Dwight Avenue","telefone":"1-(717)922-6656"},
{"estado":"Maryland","municipio":"Baltimore","servico":"Meembee","endereco":"546 Tennessee Center","telefone":"1-(410)893-8444"},
{"estado":"Oregon","municipio":"Eugene","servico":"Voomm","endereco":"648 Dorton Street","telefone":"1-(541)478-3308"},
{"estado":"Texas","municipio":"Dallas","servico":"Demimbu","endereco":"37 1st Center","telefone":"1-(214)326-5623"},
{"estado":"Virginia","municipio":"Norfolk","servico":"Yakidoo","endereco":"7250 Shopko Crossing","telefone":"1-(757)351-3312"},
{"estado":"Washington","municipio":"Lakewood","servico":"Zoombeat","endereco":"02 Starling Hill","telefone":"1-(253)362-0144"},
{"estado":"Texas","municipio":"El Paso","servico":"Eimbee","endereco":"33556 Nova Park","telefone":"1-(915)577-1213"},
{"estado":"California","municipio":"Santa Clara","servico":"Photospace","endereco":"0 American Crossing","telefone":"1-(831)741-8640"},
{"estado":"Florida","municipio":"Pinellas Park","servico":"Agivu","endereco":"69984 Delaware Road","telefone":"1-(850)633-0225"},
{"estado":"Virginia","municipio":"Reston","servico":"Kamba","endereco":"5 Anderson Street","telefone":"1-(703)617-2583"},
{"estado":"Nebraska","municipio":"Lincoln","servico":"Tekfly","endereco":"9 La Follette Alley","telefone":"1-(402)532-9626"},
{"estado":"North Carolina","municipio":"Gastonia","servico":"Flashset","endereco":"438 Charing Cross Park","telefone":"1-(704)507-9967"},
{"estado":"Arizona","municipio":"Tucson","servico":"Aibox","endereco":"30363 Amoth Way","telefone":"1-(520)114-2588"},
{"estado":"Nebraska","municipio":"Omaha","servico":"Eire","endereco":"4958 Heffernan Junction","telefone":"1-(402)217-3055"},
{"estado":"Washington","municipio":"Vancouver","servico":"Browseblab","endereco":"1898 Hermina Circle","telefone":"1-(360)859-7732"},
{"estado":"Georgia","municipio":"Savannah","servico":"Topicware","endereco":"6549 Carpenter Junction","telefone":"1-(912)810-9712"},
{"estado":"Minnesota","municipio":"Young America","servico":"Jaxbean","endereco":"8564 Lakewood Road","telefone":"1-(952)840-3638"},
{"estado":"Ohio","municipio":"Cleveland","servico":"Dynazzy","endereco":"30 Londonderry Alley","telefone":"1-(440)965-6894"},
{"estado":"New Jersey","municipio":"Trenton","servico":"Agimba","endereco":"0086 Delaware Street","telefone":"1-(609)778-9645"},
{"estado":"West Virginia","municipio":"Charleston","servico":"Roodel","endereco":"2 Moulton Trail","telefone":"1-(304)853-0887"},
{"estado":"New York","municipio":"Brooklyn","servico":"Skippad","endereco":"865 Tomscot Drive","telefone":"1-(718)358-1586"},
{"estado":"Minnesota","municipio":"Saint Paul","servico":"Aimbu","endereco":"4640 Buell Lane","telefone":"1-(952)661-8229"},
{"estado":"Florida","municipio":"Bradenton","servico":"Layo","endereco":"9990 Sunbrook Avenue","telefone":"1-(727)396-0547"},
{"estado":"Ohio","municipio":"Cleveland","servico":"Skinte","endereco":"12300 Artisan Junction","telefone":"1-(216)927-6848"},
{"estado":"Oklahoma","municipio":"Tulsa","servico":"Digitube","endereco":"9687 Raven Crossing","telefone":"1-(918)657-2710"},
{"estado":"Hawaii","municipio":"Honolulu","servico":"Feedfish","endereco":"161 Sundown Park","telefone":"1-(808)169-6843"},
{"estado":"Kansas","municipio":"Shawnee Mission","servico":"Jatri","endereco":"6792 Weeping Birch Hill","telefone":"1-(913)356-0035"},
{"estado":"California","municipio":"Los Angeles","servico":"Janyx","endereco":"3 Debra Center","telefone":"1-(213)189-0601"},
{"estado":"California","municipio":"Sacramento","servico":"Twitterwire","endereco":"75935 Corben Park","telefone":"1-(530)805-0132"},
{"estado":"California","municipio":"Long Beach","servico":"Zooxo","endereco":"989 Monterey Place","telefone":"1-(323)755-0321"},
{"estado":"Texas","municipio":"Garland","servico":"Centizu","endereco":"34474 Oriole Way","telefone":"1-(214)814-9481"},
{"estado":"District of Columbia","municipio":"Washington","servico":"Voolia","endereco":"9876 Dixon Street","telefone":"1-(202)945-1550"},
{"estado":"Georgia","municipio":"Atlanta","servico":"Roombo","endereco":"06 Ludington Court","telefone":"1-(770)195-2114"},
{"estado":"Ohio","municipio":"Canton","servico":"Thoughtmix","endereco":"21 Linden Circle","telefone":"1-(330)727-8494"},
{"estado":"Arizona","municipio":"Phoenix","servico":"Oyoba","endereco":"4878 Nelson Crossing","telefone":"1-(602)245-1120"},
{"estado":"Ohio","municipio":"Cleveland","servico":"Flashspan","endereco":"39267 Park Meadow Junction","telefone":"1-(216)612-9800"},
{"estado":"Texas","municipio":"Temple","servico":"Meevee","endereco":"0 Arizona Place","telefone":"1-(254)930-2456"},
{"estado":"District of Columbia","municipio":"Washington","servico":"Gabcube","endereco":"3 Westerfield Avenue","telefone":"1-(202)710-8916"},
{"estado":"Louisiana","municipio":"Lake Charles","servico":"Linkbuzz","endereco":"450 Clyde Gallagher Terrace","telefone":"1-(337)752-7271"},
{"estado":"Texas","municipio":"Houston","servico":"Feedmix","endereco":"69754 Debs Court","telefone":"1-(832)978-9886"},
{"estado":"Montana","municipio":"Missoula","servico":"Dynabox","endereco":"38 Leroy Avenue","telefone":"1-(406)975-6037"},
{"estado":"Ohio","municipio":"Warren","servico":"Lazz","endereco":"58717 Gulseth Terrace","telefone":"1-(330)517-6704"},
{"estado":"California","municipio":"San Francisco","servico":"Dynazzy","endereco":"5739 Leroy Pass","telefone":"1-(415)531-1072"},
{"estado":"Hawaii","municipio":"Honolulu","servico":"Twinte","endereco":"27807 Farmco Terrace","telefone":"1-(808)907-4208"},
{"estado":"Florida","municipio":"Tampa","servico":"Twitterbridge","endereco":"731 Erie Parkway","telefone":"1-(813)242-5322"},
{"estado":"Florida","municipio":"Jacksonville","servico":"Fiveclub","endereco":"058 Kedzie Center","telefone":"1-(904)290-0363"},
{"estado":"Nebraska","municipio":"Omaha","servico":"Blogtag","endereco":"2765 Express Court","telefone":"1-(712)732-6879"},
{"estado":"North Carolina","municipio":"Charlotte","servico":"Voolith","endereco":"4897 Bay Park","telefone":"1-(704)960-2822"},
{"estado":"North Carolina","municipio":"Greensboro","servico":"Jabbertype","endereco":"691 Commercial Way","telefone":"1-(910)681-7329"},
{"estado":"South Carolina","municipio":"Columbia","servico":"Omba","endereco":"0812 Lerdahl Alley","telefone":"1-(803)425-8055"},
{"estado":"Maryland","municipio":"Baltimore","servico":"Kazu","endereco":"9726 Lukken Road","telefone":"1-(410)342-7201"},
{"estado":"Florida","municipio":"Delray Beach","servico":"Shufflebeat","endereco":"15547 Delladonna Junction","telefone":"1-(561)308-9799"},
{"estado":"Ohio","municipio":"Toledo","servico":"Oyoloo","endereco":"9904 New Castle Lane","telefone":"1-(419)610-8640"},
{"estado":"California","municipio":"San Francisco","servico":"Trunyx","endereco":"779 Main Junction","telefone":"1-(415)612-5104"},
{"estado":"Virginia","municipio":"Richmond","servico":"Wikido","endereco":"43921 Mariners Cove Hill","telefone":"1-(804)704-2795"},
{"estado":"Missouri","municipio":"Saint Louis","servico":"Meetz","endereco":"10 Lunder Point","telefone":"1-(636)652-5481"},
{"estado":"Texas","municipio":"Houston","servico":"Youspan","endereco":"2630 Red Cloud Crossing","telefone":"1-(281)521-1254"},
{"estado":"Tennessee","municipio":"Chattanooga","servico":"Jaloo","endereco":"7 Shopko Center","telefone":"1-(423)301-0478"},
{"estado":"Alaska","municipio":"Anchorage","servico":"Devcast","endereco":"6 Delladonna Park","telefone":"1-(907)717-4310"},
{"estado":"District of Columbia","municipio":"Washington","servico":"Kamba","endereco":"85220 Kedzie Drive","telefone":"1-(202)178-8809"},
{"estado":"Florida","municipio":"Tampa","servico":"Brainbox","endereco":"815 Walton Avenue","telefone":"1-(813)725-4815"},
{"estado":"Ohio","municipio":"Cleveland","servico":"Skyba","endereco":"3 Donald Pass","telefone":"1-(216)447-9584"},
{"estado":"California","municipio":"Ventura","servico":"Oyoba","endereco":"7377 Sundown Pass","telefone":"1-(805)589-1683"},
{"estado":"California","municipio":"Riverside","servico":"Photobug","endereco":"142 Memorial Circle","telefone":"1-(951)686-3645"},
{"estado":"Florida","municipio":"Hialeah","servico":"Browsebug","endereco":"7084 Pepper Wood Terrace","telefone":"1-(305)102-3544"},
{"estado":"Alabama","municipio":"Birmingham","servico":"DabZ","endereco":"97 7th Avenue","telefone":"1-(205)778-7010"},
{"estado":"Nevada","municipio":"Carson City","servico":"Tazzy","endereco":"2135 Grover Center","telefone":"1-(775)403-3498"},
{"estado":"Texas","municipio":"Corpus Christi","servico":"Realbuzz","endereco":"333 Stephen Avenue","telefone":"1-(361)347-4096"},
{"estado":"California","municipio":"Oakland","servico":"InnoZ","endereco":"2 Oak Valley Street","telefone":"1-(510)803-9997"},
{"estado":"New York","municipio":"Buffalo","servico":"Eamia","endereco":"22 Knutson Point","telefone":"1-(716)462-0062"},
{"estado":"Texas","municipio":"Houston","servico":"Feednation","endereco":"53178 Forest Center","telefone":"1-(281)327-2567"},
{"estado":"Florida","municipio":"Fort Pierce","servico":"Twiyo","endereco":"11 Basil Drive","telefone":"1-(772)452-9631"},
{"estado":"California","municipio":"Santa Cruz","servico":"Quamba","endereco":"3 Parkside Way","telefone":"1-(831)627-0247"},
{"estado":"Oklahoma","municipio":"Tulsa","servico":"Rhynyx","endereco":"54 Bonner Parkway","telefone":"1-(918)429-1604"},
{"estado":"Pennsylvania","municipio":"Philadelphia","servico":"Tazzy","endereco":"5 Mandrake Lane","telefone":"1-(215)531-7287"},
{"estado":"Oklahoma","municipio":"Tulsa","servico":"Flashpoint","endereco":"785 Crest Line Pass","telefone":"1-(918)282-4271"},
{"estado":"Montana","municipio":"Billings","servico":"Realmix","endereco":"5 Nevada Road","telefone":"1-(406)758-3830"},
{"estado":"Pennsylvania","municipio":"Philadelphia","servico":"Omba","endereco":"238 Michigan Alley","telefone":"1-(610)179-2367"},
{"estado":"Florida","municipio":"Miami","servico":"Yakijo","endereco":"41824 Oxford Trail","telefone":"1-(786)430-9164"},
{"estado":"Colorado","municipio":"Colorado Springs","servico":"Shuffletag","endereco":"71416 Atwood Lane","telefone":"1-(719)391-7936"},
{"estado":"Alaska","municipio":"Anchorage","servico":"Meevee","endereco":"78 Canary Park","telefone":"1-(907)908-7407"},
{"estado":"Minnesota","municipio":"Minneapolis","servico":"Brainverse","endereco":"30 Vermont Place","telefone":"1-(612)549-6505"},
{"estado":"Wisconsin","municipio":"Milwaukee","servico":"Dynabox","endereco":"155 Holy Cross Avenue","telefone":"1-(414)222-9341"},
{"estado":"California","municipio":"Los Angeles","servico":"Riffpedia","endereco":"52503 Crowley Circle","telefone":"1-(626)976-1117"},
{"estado":"Arizona","municipio":"Phoenix","servico":"Leexo","endereco":"6 Summer Ridge Junction","telefone":"1-(602)482-4425"},
{"estado":"Indiana","municipio":"Fort Wayne","servico":"Topiclounge","endereco":"8304 Banding Point","telefone":"1-(260)372-4862"},
{"estado":"North Carolina","municipio":"Charlotte","servico":"Skyvu","endereco":"2 Mockingbird Terrace","telefone":"1-(704)904-3038"},
{"estado":"District of Columbia","municipio":"Washington","servico":"Fiveclub","endereco":"19 Declaration Court","telefone":"1-(202)272-0769"},
{"estado":"Ohio","municipio":"Dayton","servico":"Devbug","endereco":"653 Summer Ridge Center","telefone":"1-(937)321-2396"},
{"estado":"Michigan","municipio":"Detroit","servico":"Realpoint","endereco":"77095 Homewood Street","telefone":"1-(313)166-0557"},
{"estado":"Illinois","municipio":"Chicago","servico":"Gigabox","endereco":"4 Vermont Drive","telefone":"1-(773)451-3533"},
{"estado":"California","municipio":"Los Angeles","servico":"Quimm","endereco":"420 Oakridge Park","telefone":"1-(213)580-9548"},
{"estado":"Ohio","municipio":"Cincinnati","servico":"Teklist","endereco":"61 Golden Leaf Alley","telefone":"1-(513)910-4128"},
{"estado":"West Virginia","municipio":"Morgantown","servico":"Gigabox","endereco":"2 Bellgrove Street","telefone":"1-(304)661-7197"},
{"estado":"Arizona","municipio":"Phoenix","servico":"Wordify","endereco":"2 Farwell Hill","telefone":"1-(602)367-8610"},
{"estado":"South Carolina","municipio":"Columbia","servico":"Babbleset","endereco":"76 Straubel Way","telefone":"1-(803)872-0225"},
{"estado":"Florida","municipio":"Fort Lauderdale","servico":"Flipstorm","endereco":"9431 Brickson Park Way","telefone":"1-(954)300-8883"},
{"estado":"Georgia","municipio":"Marietta","servico":"Skippad","endereco":"419 Barnett Circle","telefone":"1-(770)984-1184"},
{"estado":"California","municipio":"San Diego","servico":"Agivu","endereco":"29 Summit Crossing","telefone":"1-(619)410-0945"},
{"estado":"Colorado","municipio":"Colorado Springs","servico":"Feedbug","endereco":"73 Petterle Drive","telefone":"1-(719)779-3138"},
{"estado":"Michigan","municipio":"Detroit","servico":"Skippad","endereco":"6220 Eggendart Pass","telefone":"1-(313)133-4979"},
{"estado":"Virginia","municipio":"Chesapeake","servico":"Zoombox","endereco":"9174 Northfield Park","telefone":"1-(757)977-3928"},
{"estado":"Connecticut","municipio":"New Haven","servico":"Demivee","endereco":"10 Acker Alley","telefone":"1-(203)843-8476"},
{"estado":"California","municipio":"San Diego","servico":"Flashdog","endereco":"31655 Kim Avenue","telefone":"1-(619)200-6714"},
{"estado":"Missouri","municipio":"Kansas City","servico":"Photolist","endereco":"16727 Loomis Alley","telefone":"1-(816)728-8698"},
{"estado":"Illinois","municipio":"Carol Stream","servico":"Skyba","endereco":"50 New Castle Parkway","telefone":"1-(309)721-0359"},
{"estado":"Florida","municipio":"Largo","servico":"Feedbug","endereco":"949 Longview Plaza","telefone":"1-(727)139-8991"},
{"estado":"Nevada","municipio":"Sparks","servico":"Innotype","endereco":"06698 Shelley Terrace","telefone":"1-(775)997-2842"},
{"estado":"Arizona","municipio":"Phoenix","servico":"Skalith","endereco":"6 Sunbrook Road","telefone":"1-(602)137-8095"},
{"estado":"Texas","municipio":"Dallas","servico":"Katz","endereco":"53421 Hudson Drive","telefone":"1-(214)550-0740"},
{"estado":"Tennessee","municipio":"Nashville","servico":"Bubblebox","endereco":"7 Prairie Rose Terrace","telefone":"1-(615)871-9338"},
{"estado":"Texas","municipio":"Fort Worth","servico":"Browsezoom","endereco":"8745 Eagan Court","telefone":"1-(817)770-7967"}]